{
    "credit": "Made with Blockbench",
    "textures": {
        "0": "block/dick",
        "particle": "block/dick"
    },
    "elements": [{
            "from": [7, 0, 6.5],
            "to": [9, 1, 9],
            "faces": {
                "north": { "uv": [0, 2.75, 2, 3.75], "texture": "#0" },
                "east": { "uv": [0, 2.75, 2, 3.75], "texture": "#0" },
                "south": { "uv": [0, 2.75, 2, 3.75], "texture": "#0" },
                "west": { "uv": [0, 2.75, 2, 3.75], "texture": "#0" },
                "up": { "uv": [0, 2.75, 2, 3.75], "texture": "#0" },
                "down": { "uv": [0, 2.75, 2, 3.75], "texture": "#0" }
            }
        },
        {
            "from": [7.25, 1, 7.5],
            "to": [8.75, 9, 8.75],
            "faces": {
                "north": { "uv": [0, 0, 1.5, 8], "texture": "#0" },
                "east": { "uv": [0, 0, 1.25, 8], "texture": "#0" },
                "south": { "uv": [0, 0, 1.5, 8], "texture": "#0" },
                "west": { "uv": [0, 0, 1.25, 8], "texture": "#0" },
                "up": { "uv": [0, 0, 2, 0.75], "texture": "#0" },
                "down": { "uv": [0, 0, 1.5, 1.25], "texture": "#0" }
            }
        }
    ],
    "display": {
        "thirdperson_righthand": {
            "rotation": [-22.25, 0, 3],
            "translation": [-6.5, 3, -3]
        },
        "thirdperson_lefthand": {
            "rotation": [-16.5, 0, 3],
            "translation": [-6.5, 1.5, -1.5],
            "scale": [1, 0.74609, 1]
        },
        "firstperson_righthand": {
            "rotation": [-62, -1, 0],
            "translation": [-8.5, 3, -2.25]
        },
        "firstperson_lefthand": {
            "rotation": [-65, 0, 0],
            "translation": [-9.5, 4.5, 3.75],
            "scale": [0.98, 0.72, 1]
        },
        "ground": {
            "rotation": [-90, 12, 91]
        },
        "gui": {
            "rotation": [-78, -10.75, -51.5],
            "translation": [3.5, 0, 0],
            "scale": [1, 1.44336, 1]
        },
        "head": {
            "rotation": [81, -180, 0],
            "translation": [0.5, -5.5, -7.5],
            "scale": [1.75, 1.75, 1.75]
        },
        "fixed": {
            "rotation": [-90, 0, 0],
            "translation": [0, 7, -24],
            "scale": [3, 3, 3]
        }
    }
}